timestamp,latitude,longitude,zoom,image_path,image_prompt,image_model,image_description,text_prompt,text_model,text_description,danger
2026-03-13T14:58:56,-4.2,-69.9,10,/Users/leticiabrendle/Group_A/images/-4.2_-69.9_10.png,"Describe what you see in this satellite image in detail. Focus on land cover, vegetation, urban areas, water bodies, and any visible environmental features.
",llava," The image is a satellite view of an area that appears to be a mix of natural and human-made environments. Here's a detailed description:

- The most prominent feature is a large area of dense, dark green vegetation that covers the majority of the image. This could indicate a forest or a large expanse of vegetation.
- There are some lighter areas interspersed with the dense greenery, which might be indicative of cleared land or areas with less vegetation.
- Within the image, there are several bodies of water that are depicted as lighter blue areas. These are likely rivers, lakes, or other water bodies.
- Urban areas can be seen in lighter shades of green, possibly indicating grassy areas or other man-made landscapes within or around the forested areas.
- The image shows a clear demarcation between the dense vegetation and the less dense areas, which could be indicative of a natural boundary or a change in land use.
- There are no visible texts or inscriptions on the image.

Please note that the description is based on the visible elements in the image and does not include any inferred or estimated details. ","Based on this satellite image description, answer the following questions with YES or NO and a brief explanation: 1. Is there visible deforestation or loss of vegetation? 2. Are there signs of urban sprawl or land degradation? 3. Is there evidence of water pollution or drought? 4. Does this area appear to be at environmental risk overall?
Description:  The image is a satellite view of an area that appears to be a mix of natural and human-made environments. Here's a detailed description:

- The most prominent feature is a large area of dense, dark green vegetation that covers the majority of the image. This could indicate a forest or a large expanse of vegetation.
- There are some lighter areas interspersed with the dense greenery, which might be indicative of cleared land or areas with less vegetation.
- Within the image, there are several bodies of water that are depicted as lighter blue areas. These are likely rivers, lakes, or other water bodies.
- Urban areas can be seen in lighter shades of green, possibly indicating grassy areas or other man-made landscapes within or around the forested areas.
- The image shows a clear demarcation between the dense vegetation and the less dense areas, which could be indicative of a natural boundary or a change in land use.
- There are no visible texts or inscriptions on the image.

Please note that the description is based on the visible elements in the image and does not include any inferred or estimated details. 
End your response with a single line that says either DANGER or SAFE.
",mistral," 1. Yes, there are signs of deforestation or loss of vegetation, as there are lighter areas interspersed with the dense greenery which might be indicative of cleared land or areas with less vegetation.
2. Yes, there are signs of urban sprawl or land degradation, as urban areas can be seen in lighter shades of green, possibly indicating grassy areas or other man-made landscapes within or around the forested areas.
3. There is no clear evidence of water pollution or drought in the image, but it does not rule out the possibility of subtle signs that are not visible from the given description.
4. Based on the visible signs, the area appears to be at environmental risk overall due to deforestation and urbanization.
DANGER",Y
2026-03-13T15:06:40,15.1994,-7.2949,10,/Users/leticiabrendle/Group_A/images/15.1994_-7.2949_10.png,"Describe what you see in this satellite image in detail. Focus on land cover, vegetation, urban areas, water bodies, and any visible environmental features.
",llava," The image appears to be a satellite photograph of a dry, arid landscape. The terrain is dominated by a uniform beige color, which suggests sandy or dirt-covered ground. There is a sparse distribution of green, indicating vegetation, scattered throughout the landscape. The vegetation is intermittent and does not form any continuous cover.

There are no urban areas or water bodies visible in the image. The most striking feature is the large, circular crater with a crusty surface located in the center of the image. The crater exhibits a rough texture and is surrounded by the plain terrain. The overall image gives an impression of a dry, desert-like environment with minimal features of urbanization or significant water bodies. ","Based on this satellite image description, answer the following questions with YES or NO and a brief explanation: 1. Is there visible deforestation or loss of vegetation? 2. Are there signs of urban sprawl or land degradation? 3. Is there evidence of water pollution or drought? 4. Does this area appear to be at environmental risk overall?
Description:  The image appears to be a satellite photograph of a dry, arid landscape. The terrain is dominated by a uniform beige color, which suggests sandy or dirt-covered ground. There is a sparse distribution of green, indicating vegetation, scattered throughout the landscape. The vegetation is intermittent and does not form any continuous cover.

There are no urban areas or water bodies visible in the image. The most striking feature is the large, circular crater with a crusty surface located in the center of the image. The crater exhibits a rough texture and is surrounded by the plain terrain. The overall image gives an impression of a dry, desert-like environment with minimal features of urbanization or significant water bodies. 
End your response with a single line that says either DANGER or SAFE.
",mistral," 1. Is there visible deforestation or loss of vegetation? NO, while the vegetation is sparse, there is no evidence of deforestation or extensive loss of vegetation.
2. Are there signs of urban sprawl or land degradation? NO, there are no urban areas or signs of significant land degradation visible in the image.
3. Is there evidence of water pollution or drought? It is not possible to determine based on this image as there are no visible water bodies.
4. Does this area appear to be at environmental risk overall? YES, the area appears to be a dry, arid desert-like environment which could be at risk of drought or other environmental stressors.

DANGER (due to potential risks associated with a dry, arid desert-like environment)",Y
2026-03-13T15:12:08,57.8448,90.2637,10,/Users/leticiabrendle/Group_A/images/57.8448_90.2637_10.png,"Describe what you see in this satellite image in detail. Focus on land cover, vegetation, urban areas, water bodies, and any visible environmental features.
",llava," The image shows a satellite view of an area that appears to be covered in dense vegetation with a predominantly dark green hue, suggesting a healthy forest or thick vegetation cover. There are no distinct urban areas visible in this particular section of the image. Water bodies, such as lakes or rivers, are not visible in this image. The environmental features are primarily characterized by the lush greenery, indicating a well-preserved natural area with possibly rich biodiversity. The image provides a limited view, making it difficult to assess the extent and specifics of the land cover or environmental features beyond the visible area. ","Based on this satellite image description, answer the following questions with YES or NO and a brief explanation: 1. Is there visible deforestation or loss of vegetation? 2. Are there signs of urban sprawl or land degradation? 3. Is there evidence of water pollution or drought? 4. Does this area appear to be at environmental risk overall?
Description:  The image shows a satellite view of an area that appears to be covered in dense vegetation with a predominantly dark green hue, suggesting a healthy forest or thick vegetation cover. There are no distinct urban areas visible in this particular section of the image. Water bodies, such as lakes or rivers, are not visible in this image. The environmental features are primarily characterized by the lush greenery, indicating a well-preserved natural area with possibly rich biodiversity. The image provides a limited view, making it difficult to assess the extent and specifics of the land cover or environmental features beyond the visible area. 
End your response with a single line that says either DANGER or SAFE.
",mistral," 1. No, there is no visible deforestation or loss of vegetation in the given satellite image as the area appears to be covered in dense vegetation with a dark green hue, suggesting a healthy forest or thick vegetation cover.
2. No, there are no signs of urban sprawl or land degradation in the given satellite image as there are no distinct urban areas visible in this particular section of the image.
3. The water bodies are not visible in this image, so there is no evidence of water pollution or drought in the given satellite image.
4. Based on the limited view provided by the satellite image, the area does not appear to be at immediate environmental risk overall. The image indicates a well-preserved natural area with possibly rich biodiversity.

Final answer: SAFE",N
